SampleId,RunId,Barcode,CreatedDate,OverallResult,Assay.Name,Assay.Version,Assay.Classification,Comments,,,,,,,,,,,,,,,,,,,,,,,,,,,,,,,,,,,,,,,,,,,,,,,,,,,,,,,,,,,,,,,,,,,,,,,,,,,,,,,,,,,,,,,,,,,,,,,,,,,,,,,,,,,,,,,,,,,,,,,,,,,,,,,,,,,,,,,,,,,,,,,,,,,,,,,,,,,,,,,,,,,,,,,,,,,,,,,,,,,
ADF_NTC_1,5,SC2A20144,1/1/1970 1:30,Invalid,,,Ruo,,,,,,,,,,,,,,,,,,,,,,,,,,,,,,,,,,,,,,,,,,,,,,,,,,,,,,,,,,,,,,,,,,,,,,,,,,,,,,,,,,,,,,,,,,,,,,,,,,,,,,,,,,,,,,,,,,,,,,,,,,,,,,,,,,,,,,,,,,,,,,,,,,,,,,,,,,,,,,,,,,,,,,,,,,,,,,,,,,,,
"
",,,,,,,,,,,,,,,,,,,,,,,,,,,,,,,,,,,,,,,,,,,,,,,,,,,,,,,,,,,,,,,,,,,,,,,,,,,,,,,,,,,,,,,,,,,,,,,,,,,,,,,,,,,,,,,,,,,,,,,,,,,,,,,,,,,,,,,,,,,,,,,,,,,,,,,,,,,,,,,,,,,,,,,,,,,,,,,,,,,,,,,,,,,
SampleId,RunId,LysisType,LysisReadings,,,,,,,,,,,,,,,,,,,,,,,,,,,,,,,,,,,,,,,,,,,,,,,,,,,,,,,,,,,,,,,,,,,,,,,,,,,,,,,,,,,,,,,,,,,,,,,,,,,,,,,,,,,,,,,,,,,,,,,,,,,,,,,,,,,,,,,,,,,,,,,,,,,,,,,,,,,,,,,,,,,,,,,,,,,,,,,,,,,,,,,,
ADF_NTC_1,5,Time,2454,5352,6439,8406,10400,12400,14403,16401,18405,20401,22401,24402,26400,28403,30404,32401,34402,36401,38401,40400,42402,44403,46400,48402,50400,52403,54402,56401,58401,60406,62401,64400,66401,68400,70405,72765,74748,76749,78747,80751,82748,84749,86749,88750,90747,92750,94751,96750,98751,100751,102752,104750,106752,108747,110749,112748,114754,116753,118753,120748,122749,124750,126758,128752,130753,132753,134748,136753,138750,140757,142750,144754,146749,148749,150752,152749,154749,156755,158748,160751,162750,164751,166753,168755,170756,172745,174748,176751,178745,180753,182752,184745,186751,188750,190752,192745,194750,196755,198749,200746,202751,204750,206747,208745,210751,212751,214751,216746,218750,220752,222749,224748,226750,228751,230748,232748,234755,236750,238749,240747,242751,244753,246750,248747,250749,252747,254748,256748,258750,260745,262748,264748,266748,268752,270749,272750,274750,276750,278750,280748,282751,284752,286747,288749,290747,292748,294747,296748,298747,300754,302748,304746,306748,308748,310748,312746,314748,316748,318747,320746,322747,324750,326748,328747,330750,332754,334748,336749,338753,340754,342749,344754,346750,348753,350750,352770,354751,356746,358749,360751,362747,364748,366747,368750,370752
ADF_NTC_1,5,Temp,33.02,38.03,39.8,42.86,45.79,48.59,51.26,53.79,56.23,58.55,60.79,62.95,65.01,67.04,68.97,70.88,72.17,73.68,75.43,77.13,78.79,80.39,81.94,83.46,84.92,86.35,87.76,89.13,90.48,91.77,93.06,94.33,95.59,96.82,98,99.74,98.72,99.75,100.89,101.38,102.42,103.39,104.38,105.32,106.25,107.19,107.85,107.27,107.43,106.88,106.51,106.29,105.66,105.46,105.04,104.67,104.43,104,103.78,103.43,103.29,102.57,102.61,102.57,101.93,102.19,101.61,101.65,101.39,101.18,101.11,100.84,100.77,100.6,100.42,100.35,100.19,100.14,99.93,99.89,99.78,99.68,99.62,99.51,99.1,99.6,99.09,99.35,99.1,99.09,99.1,98.93,98.98,98.87,98.85,98.8,98.75,98.72,98.66,98.68,98.59,98.55,98.55,98.51,98.54,98.55,98.35,98.29,98.58,98.16,98.53,98.2,98.42,98.3,98.29,98.32,98.2,98.31,98.19,98.28,98.23,98.22,98.22,98.16,98.2,98.18,98.14,98.34,98.07,97.86,98.32,97.94,98.22,98.07,98.09,98.18,98.04,98.14,98.06,98.1,98.1,98.06,98.09,98.07,98.09,98.05,98.1,98.05,98.05,98.06,98.17,97.88,98.01,98.14,97.87,98.22,97.92,98.14,98.01,98.03,98.1,97.99,98.11,97.97,98.06,98.05,97.99,98.1,97.99,98.07,98.01,98.05,98.04,98.14,97.71,98.28,97.92,98.05,98.09,97.9,98.16,97.9,98.09,98,98.03
"
",,,,,,,,,,,,,,,,,,,,,,,,,,,,,,,,,,,,,,,,,,,,,,,,,,,,,,,,,,,,,,,,,,,,,,,,,,,,,,,,,,,,,,,,,,,,,,,,,,,,,,,,,,,,,,,,,,,,,,,,,,,,,,,,,,,,,,,,,,,,,,,,,,,,,,,,,,,,,,,,,,,,,,,,,,,,,,,,,,,,,,,,,,,
Well,Type,TargetName,Result,VoltageDifference,Readings,,,,,,,,,,,,,,,,,,,,,,,,,,,,,,,,,,,,,,,,,,,,,,,,,,,,,,,,,,,,,,,,,,,,,,,,,,,,,,,,,,,,,,,,,,,,,,,,,,,,,,,,,,,,,,,,,,,,,,,,,,,,,,,,,,,,,,,,,,,,,,,,,,,,,,,,,,,,,,,,,,,,,,,,,,,,,,,,,,,,,,
0,Time,,,0,10004,19998,29997,39996,49998,59996,69995,79999,89995,99998,109996,119998,130000,139998,150000,159999,169997,179999,189996,199999,209999,219997,229999,239995,249996,259999,269996,279997,289996,299996,309997,319998,329997,339998,349998,360001,369998,379999,389998,399999,409999,419998,429996,439996,449998,459998,469999,479997,489998,499999,509998,519996,529996,539997,549999,559998,569998,579998,589999,599997,609998,619998,629998,639999,649996,659998,669999,679998,689997,699998,709999,719997,729999,739995,749997,759996,769999,779998,789996,799995,809995,819995,829995,839995,849996,859996,869996,879996,889996,899996,909996,919996,929996,939996,949996,959996,969996,979995,989997,999997,1009996,1019996,1030004,1039996,1049996,1059996,1069996,1079996,1089996,1099998,1109999,1119995,1129996,1139997,1149996,1160000,1169998,1179999,1189998,1199998,1209998,1219997,1229997,1240000,1249996,1259997,1269997,1279997,1289998,1299997,1309998,1319997,1329998,1339997,1350008,1359997,1369998,1379998,1389997,1399998,1409999,1419996,1430005,1439998,1449998,1459995,1469998,1480001,1489996,1499999,1509996,1519997,1529999,1539999,1549996,1560000,1569996,1579996,1589998,1599997,1610004,1620002,1629998,1640005,1649995,1659996,1669996,1679997,1689996,1699999,1709999,1719999,1729999,1739996,1749999,1759999,1769999,1780000,1789998,1799995,,,
0,CartTemp,,,0,79.65,83.47,86.88,89.85,92.5,94.51,95.19,94.96,94.54,93.64,93.49,93.03,92.58,92.05,91.45,91.03,90.55,90.05,89.22,89.06,88.65,88.23,87.79,87.25,86.95,86.55,86.19,85.62,85.41,85.09,84.75,84.41,83.98,83.76,83.49,83.19,82.68,82.6,82.38,82.12,81.88,81.57,81.4,81.19,80.97,80.51,80.53,80.37,80.19,80.01,79.75,79.66,79.51,79.35,79.05,79.02,78.91,78.78,78.65,78.43,78.39,78.28,78.17,77.88,77.92,77.84,77.75,77.66,77.52,77.47,77.38,77.31,77.01,77.11,77.07,77.01,76.94,76.8,76.8,76.75,76.69,76.5,76.56,76.52,76.48,76.42,76.28,76.32,76.28,76.23,76,76.11,76.1,76.07,76.05,75.97,75.98,75.96,75.92,75.67,75.82,75.8,75.8,75.77,75.68,75.73,75.71,75.69,75.56,75.64,75.64,75.63,75.61,75.5,75.55,75.55,75.53,75.37,75.48,75.49,75.48,75.46,75.41,75.43,75.42,75.42,75.21,75.36,75.38,75.38,75.36,75.3,75.33,75.34,75.33,75.2,75.3,75.31,75.3,75.28,75.21,75.26,75.27,75.27,75.12,75.23,75.25,75.23,75.23,75.19,75.23,75.23,75.22,75.04,75.18,75.19,75.2,75.2,75.14,75.18,75.19,75.18,74.98,75.14,75.16,75.17,75.17,75.1,75.15,75.16,75.15,75.02,75.14,75.15,75.14,75.14,75.06,75.13,75.14,75.15,,,
0,AdcTemp,,,0,21.21734694,21.4622449,21.4622449,21.70714286,21.70714286,21.70714286,21.95204082,22.19693878,22.19693878,22.44183673,22.68673469,22.93163265,23.17653061,23.42142857,23.66632653,23.91122449,24.15612245,24.40102041,24.64591837,25.13571429,25.38061224,25.6255102,25.87040816,26.11530612,26.36020408,26.60510204,26.85,27.09489796,27.33979592,27.58469388,27.82959184,28.0744898,28.31938776,28.56428571,28.80918367,28.80918367,29.05408163,29.29897959,29.54387755,29.54387755,29.78877551,30.03367347,30.27857143,30.27857143,30.52346939,30.52346939,30.76836735,31.01326531,31.01326531,31.25816327,31.50306122,31.50306122,31.74795918,31.74795918,31.99285714,31.99285714,32.2377551,32.2377551,32.48265306,32.48265306,32.48265306,32.72755102,32.72755102,32.97244898,32.97244898,32.97244898,33.21734694,33.21734694,33.21734694,33.4622449,33.4622449,33.4622449,33.70714286,33.70714286,33.70714286,33.95204082,33.95204082,33.95204082,34.19693878,34.19693878,34.19693878,34.19693878,34.19693878,34.44183673,34.44183673,34.44183673,34.68673469,34.68673469,34.68673469,34.68673469,34.93163265,34.93163265,34.93163265,34.93163265,34.93163265,34.93163265,35.17653061,35.17653061,35.17653061,35.17653061,35.42142857,35.42142857,35.42142857,35.42142857,35.42142857,35.42142857,35.66632653,35.66632653,35.66632653,35.66632653,35.66632653,35.66632653,35.91122449,35.91122449,35.91122449,35.91122449,35.91122449,35.91122449,35.91122449,36.15612245,36.15612245,36.15612245,36.15612245,36.15612245,36.15612245,36.15612245,36.15612245,36.40102041,36.40102041,36.40102041,36.40102041,36.40102041,36.40102041,36.40102041,36.64591837,36.64591837,36.64591837,36.64591837,36.64591837,36.64591837,36.64591837,36.64591837,36.89081633,36.89081633,36.89081633,36.89081633,36.89081633,36.89081633,36.89081633,36.89081633,36.89081633,37.13571429,37.13571429,37.13571429,37.13571429,37.13571429,37.13571429,37.13571429,37.13571429,37.13571429,37.13571429,37.13571429,37.38061224,37.13571429,37.38061224,37.38061224,37.38061224,37.38061224,37.38061224,37.38061224,37.38061224,37.6255102,37.6255102,37.6255102,37.6255102,37.6255102,37.6255102,37.6255102,37.6255102,37.6255102,,,
1,Target,Positive Control,NotAmplified,0,306.1294556,291.6641235,277.2674561,262.8479004,245.59021,230.9646606,215.7211304,201.4846802,190.7730103,180.3131104,172.0733643,163.8565063,157.3104858,152.0004272,147.8805542,143.5775757,139.4119263,137.2833252,133.8043213,129.4326782,125.4501343,121.7880249,118.309021,115.3335571,111.9232178,109.2224121,106.1325073,103.8665771,101.6464233,99.90692139,98.39630127,96.45080566,95.1461792,93.81866455,92.69714355,93.29223633,91.96472168,93.49822998,90.79742432,90.06500244,89.46990967,88.92059326,88.73748779,88.43994141,88.23394775,88.32550049,88.43994141,88.32550049,88.39416504,88.21105957,88.0279541,88.73748779,88.80615234,88.48571777,89.1494751,88.48571777,88.55438232,88.48571777,89.1494751,89.35546875,89.37835693,89.58435059,89.85900879,90.27099609,90.6829834,91.07208252,91.43829346,91.62139893,92.19360352,93.4753418,93.81866455,93.8873291,94.50531006,94.61975098,94.77996826,95.10040283,96.13037109,96.31347656,96.88568115,97.20611572,96.90856934,97.48077393,97.82409668,98.99139404,99.42626953,99.49493408,99.35760498,99.92980957,100.5020142,100.8453369,100.8224487,101.5319824,102.2872925,102.7450562,103.1341553,103.8894653,104.8736572,105.0567627,106.8878174,106.1553955,106.9793701,108.0322266,109.1308594,110.0921631,111.328125,112.1063232,113.1591797,113.7771606,116.4779663,117.6223755,118.5836792,119.682312,121.1242676,122.2686768,123.7792969,124.7177124,125.8850098,126.7089844,127.5787354,128.6773682,131.2179565,132.4996948,133.6898804,134.1247559,134.6511841,135.1089478,136.0931396,137.1002197,137.3748779,138.2675171,138.9770508,139.7323608,139.3890381,142.0211792,142.1127319,141.8380737,141.9296265,141.9525146,141.998291,142.7307129,143.6233521,143.5546875,143.6920166,143.737793,143.989563,144.0124512,143.989563,144.0582275,144.1268921,144.0124512,144.0582275,144.0124512,144.2642212,144.8135376,145.4544067,145.3399658,145.5230713,146.9421387,147.6974487,147.5601196,147.6287842,147.4227905,147.1710205,147.2167969,147.1710205,147.2167969,147.4914551,147.4227905,147.3312378,147.7661133,147.5143433,147.4456787,147.7661133,147.4456787,147.1252441,147.0794678,147.6516724,147.4456787,147.2854614,148.2467651,,,
2,Target,GeneM_1,NotAmplified,0,670.3033447,613.1286621,560.1196289,517.8222656,472.2290039,436.2258911,402.3971558,372.1618652,346.4126587,324.2111206,305.8319092,289.6957397,276.8554688,265.5944824,255.821228,247.7645874,240.9210205,234.8098755,228.9505005,224.1210938,219.9325562,216.7739868,213.1118774,210.4568481,207.1838379,203.4072876,199.47052,195.5795288,190.9103394,187.5,184.8220825,181.892395,179.7180176,177.4291992,177.0401001,174.407959,172.3937988,170.9976196,169.1894531,167.5186157,166.4886475,165.6188965,165.5044556,164.6118164,163.7420654,163.6734009,162.5976563,162.2085571,161.9796753,161.567688,161.4074707,162.1856689,161.4990234,161.4074707,161.4303589,161.3845825,161.2930298,161.4303589,161.7736816,162.7578735,162.5061035,162.437439,162.7349854,162.8952026,162.940979,162.7120972,162.9867554,163.2156372,164.0396118,164.7491455,165.0238037,165.3900146,165.7791138,167.8619385,167.7932739,168.2510376,167.8390503,167.930603,168.1594849,168.4341431,168.9605713,169.2123413,169.1207886,169.7387695,169.6472168,169.6472168,171.1807251,170.4483032,170.9747314,171.3638306,171.6842651,172.0046997,172.7600098,172.6455688,172.6226807,172.9202271,173.789978,173.7213135,173.8586426,173.8357544,174.1104126,174.5910645,176.8798828,176.8341064,176.8341064,177.520752,177.6123047,177.7954102,177.8869629,178.3447266,178.7109375,179.0084839,179.1000366,178.8482666,178.5507202,178.5507202,178.9855957,179.5349121,181.5261841,181.022644,181.9381714,182.4645996,182.5332642,183.0368042,183.1054688,183.1054688,183.1970215,183.5174561,184.2498779,184.5703125,184.8907471,186.0809326,187.4542236,187.75177,188.2324219,188.2553101,188.1408691,188.1408691,188.621521,189.4683838,190.2008057,190.1321411,189.9719238,190.4296875,191.3223267,191.7800903,192.0776367,191.9631958,192.0318604,192.4438477,192.7185059,192.7871704,193.8171387,193.6569214,193.862915,193.9544678,194.1375732,194.5495605,194.6640015,197.3876953,197.479248,197.7996826,198.4863281,199.1043091,199.5391846,200.0656128,200.3173828,200.2944946,201.1642456,201.1871338,201.4160156,201.6448975,202.0568848,202.4002075,202.7206421,203.0410767,203.4759521,203.6819458,204.7348022,205.6045532,,,
3,Target,GeneM_2,NotAmplified,0,779.2282104,715.5761719,656.5933228,605.0033569,555.3817749,511.7340088,473.0300903,436.8667603,404.7546387,376.7852783,353.0502319,332.9544067,314.9871826,296.9741821,280.8837891,265.411377,252.0904541,240.9439087,230.8959961,221.3058472,211.5783691,203.1097412,196.3577271,190.0863647,184.5703125,179.4433594,175.6439209,171.1807251,167.0150757,163.4902954,159.9197388,158.0886841,155.3649902,153.3966064,151.2680054,149.2080688,147.7890015,147.102356,145.3857422,143.9666748,142.9824829,142.364502,141.8380737,140.9683228,140.8996582,140.3503418,139.9612427,139.4119263,139.1601563,139.2745972,139.755249,140.007019,140.12146,141.5634155,141.3345337,141.1972046,141.2887573,141.4718628,141.9754028,143.4631348,143.6462402,143.6462402,144.0811157,144.1497803,144.744873,145.8435059,146.7132568,148.223877,149.4140625,150.2609253,151.4053345,152.5039673,153.9916992,154.1748047,154.7012329,154.7241211,154.7241211,155.2047729,155.5709839,155.6854248,155.7769775,155.7312012,155.6167603,155.2047729,154.9530029,154.9987793,155.7769775,156.9213867,156.9671631,156.9900513,156.6696167,156.4407349,157.8598022,158.3862305,159.5077515,159.576416,159.576416,160.5377197,160.5377197,160.3775024,160.7894897,160.7666016,160.9268188,160.8352661,160.9268188,162.2772217,162.940979,163.7420654,163.8793945,164.31427,164.3829346,164.932251,165.3213501,165.4129028,165.8706665,165.5731201,164.8864746,165.2755737,165.4129028,166.4657593,166.3970947,166.305542,166.5344238,166.809082,167.5643921,167.5186157,167.1295166,166.7861938,166.6030884,168.2281494,167.7246094,168.3197021,168.1365967,167.6101685,167.7474976,167.8161621,167.7932739,168.0221558,169.3267822,169.1665649,168.8919067,168.9605713,168.8461304,168.6859131,169.303894,170.2423096,170.425415,171.4782715,171.0662842,170.9060669,170.8602905,170.8145142,170.5856323,170.6085205,171.3409424,171.295166,171.4096069,171.3867188,171.4782715,171.9360352,171.6384888,171.5011597,172.9888916,173.4466553,173.538208,173.3322144,173.3093262,173.3551025,173.538208,176.5823364,176.5136719,176.7196655,176.03302,176.1474609,175.7583618,175.3234863,175.5065918,175.4837036,175.4150391,175.7354736,,,
4,Target,GeneM_3,NotAmplified,0,734.8709106,670.9899902,612.4191284,561.0122681,509.9487305,468.2006836,428.6499023,393.6767578,370.9945679,344.1238403,321.3043213,303.1768799,287.4755859,274.3148804,261.4746094,250.3509521,239.9139404,228.6071777,219.5892334,210.2508545,202.9037476,195.6710815,189.125061,182.8308105,178.276062,173.1033325,169.3725586,165.687561,162.3001099,159.9655151,157.4249268,154.6096802,152.6641846,150.5126953,148.6129761,146.6445923,145.0424194,144.6304321,143.6233521,142.1813965,141.746521,140.5563354,139.8696899,139.0457153,138.9541626,138.2217407,137.2375488,137.0544434,136.8713379,137.0544434,136.5509033,136.5737915,136.7340088,136.5737915,136.7340088,136.7797852,136.9628906,138.2217407,138.5421753,138.9083862,139.7323608,139.3432617,139.6865845,139.4805908,139.9383545,140.5334473,140.7165527,140.5334473,141.0598755,141.9754028,142.5247192,142.8451538,142.8222656,143.1427002,143.371582,147.1710205,146.8505859,147.1939087,148.7045288,149.1622925,149.0249634,148.4527588,148.7960815,148.475647,148.1323242,148.475647,149.0707397,150.5813599,150.2151489,149.0478516,148.8189697,149.6887207,149.6658325,149.3453979,149.0936279,149.1622925,149.6658325,150.6271362,152.4353027,151.8859863,151.725769,151.2680054,151.4511108,151.5884399,151.7944336,152.59552,153.0303955,153.2821655,153.2363892,153.6941528,154.4723511,154.6554565,155.1589966,154.9530029,155.1132202,155.7769775,155.5252075,155.2505493,155.7769775,156.0287476,157.4935913,158.0429077,158.3862305,159.3017578,160.2401733,158.9584351,158.9584351,158.7524414,159.2559814,159.6908569,159.5077515,160.4003906,160.2630615,160.2172852,159.9884033,159.828186,159.6908569,159.9197388,159.8510742,159.9197388,159.7137451,160.5377197,160.5148315,160.5148315,160.9039307,161.5219116,161.2014771,161.5219116,162.1398926,162.1856689,162.2772217,161.8652344,161.9567871,162.1856689,162.0941162,162.0025635,162.2543335,163.5818481,163.8336182,163.81073,163.7649536,163.7191772,163.7191772,163.7878418,163.3300781,163.3987427,163.4902954,163.5131836,163.6962891,163.5818481,163.6276245,163.6734009,164.31427,163.444519,163.3758545,163.5131836,164.3829346,164.2684937,164.5202637,165.1382446,,,
5,Target,GeneM_4,Amplified,75.2,865.0131226,793.0984497,726.5853882,667.5109863,613.1973267,566.6656494,524.0249634,486.6714478,454.8339844,428.4439087,405.9906006,385.3683472,365.8905029,349.1821289,335.105896,322.9293823,312.3550415,302.8335571,292.3278809,281.9137573,272.3922729,263.5116577,257.0114136,249.6414185,242.9122925,235.8856201,229.5455933,225.3112793,219.9783325,215.2633667,211.3265991,208.0764771,205.6045532,203.6132813,201.461792,199.9969482,198.2345581,196.7926025,195.6253052,194.6868896,194.0231323,194.0917969,193.8171387,193.611145,193.7255859,193.6569214,193.7026978,194.3893433,194.8242188,195.3048706,195.3964233,195.9457397,196.0601807,197.227478,198.1430054,198.4863281,199.2874146,199.9511719,201.7593384,202.3086548,203.0181885,204.2541504,205.8105469,206.4971924,207.4813843,208.2366943,209.2437744,209.9075317,210.8001709,211.5783691,212.1734619,213.2720947,213.9129639,215.0115967,215.9500122,216.9113159,217.666626,219.6807861,219.8638916,220.7336426,221.7178345,223.0911255,223.6633301,224.8535156,226.1810303,227.5085449,228.3554077,229.5684814,230.6442261,231.7199707,232.6583862,233.6425781,238.3117676,238.3346558,238.9526367,239.7766113,240.8294678,242.1340942,242.8436279,243.9880371,244.7891235,245.7733154,246.5744019,247.6272583,248.4970093,249.7558594,250.7858276,251.6555786,252.7770996,254.6081543,255.5236816,256.8969727,260.4217529,261.3601685,262.3443604,263.2141113,264.289856,264.8849487,265.8004761,266.5100098,267.4484253,268.2495117,269.2108154,269.7372437,270.5612183,271.2936401,272.4838257,274.7039795,275.7110596,277.0843506,278.0456543,279.1671753,280.3573608,281.4102173,282.4630737,283.4243774,284.4085693,285.5300903,286.5142822,286.9949341,287.2238159,287.2238159,287.5900269,286.9033813,286.5142822,286.3769531,286.239624,286.0565186,286.0107422,286.0336304,286.3769531,286.1709595,285.8276367,285.8047485,285.736084,285.736084,285.6216431,287.979126,287.8875732,289.0319824,289.4897461,289.0548706,288.7802124,288.8031006,288.5971069,288.482666,288.2537842,288.6657715,288.734436,288.4140015,288.0935669,287.9104614,287.5671387,287.1780396,287.2467041,286.9491577,286.6744995,286.605835,286.8347168,287.4069214,,,
